<?xml version="1.0" encoding="UTF-8"?>
<MISRA-C-Report-Summary>
<File Mode="required" Error="0" Warning="175" Total="175">
<Name>
C:\Rijvi_Synergy\Core_Component\Working\DigMSB-jzk9cc\DigMSB\src\Sa_DigMSB.c</Name>
</File>
<Rule Name="13.7" Count="74" Mode="required" Severity="warning">
<Message>
Boolean operations whose results are invariant shall not be permitted.</Message>
</Rule>
<Rule Name="8.7" Count="36" Mode="required" Severity="warning">
<Message>
Objects shall be defined at block scope if they are only accessed from</Message>
</Rule>
<Rule Name="10.3" Count="17" Mode="required" Severity="warning">
<Message>
</Message>
</Rule>
<Rule Name="10.5" Count="16" Mode="required" Severity="warning">
<Message>
Bitwise &lt;&lt; is applied to the operand of underlying type 'unsigned short', the result</Message>
</Rule>
<Rule Name="12.7" Count="10" Mode="required" Severity="warning">
<Message>
</Message>
</Rule>
<Rule Name="10.1" Count="7" Mode="required" Severity="warning">
<Message>
</Message>
</Rule>
<Rule Name="5.1" Count="5" Mode="required" Severity="warning">
<Message>
</Message>
</Rule>
<Rule Name="8.1" Count="5" Mode="required" Severity="warning">
<Message>
</Message>
</Rule>
<Rule Name="8.10" Count="5" Mode="required" Severity="warning">
<Message>
</Message>
</Rule>
</MISRA-C-Report-Summary>
